skill_match_ratio,experience_years,projects_count,certifications_count,soft_skill_score,tfidf_score,hired
0.0,10,8,0,3.4363502971184063,0.42959305018703375,1
0.2222222222222222,10,1,1,4.87678576602479,0.6793306631648507,1
0.0,1,7,1,4.3299848545285125,0.9110620851134859,1
0.1111111111111111,7,0,1,3.9966462104925915,0.8125574204866928,1
0.3333333333333333,4,9,0,2.8900466011060915,0.8645928035030148,1
0.0,10,5,1,2.8899863008405067,0.7611483566975021,1
0.0,4,9,1,2.6452090304204985,0.7845935951624967,1
0.0,3,7,1,4.6654403644373375,0.8944369560957235,1
0.0,7,3,1,4.002787529358022,0.4747676062014301,1
0.1111111111111111,0,1,1,4.270181444490113,0.6425974745501983,0
0.2222222222222222,1,7,1,2.551461235739506,0.45484660927372156,1
0.0,0,5,1,4.924774630404986,0.9913676055976528,0
0.0,0,9,1,4.5811066020010545,0.9608415377806292,1
0.2222222222222222,4,10,1,3.0308477766956905,0.3275987679579541,1
0.0,0,5,1,2.9545624180177517,0.7939026207609818,0
0.0,1,6,1,2.9585112746335844,0.947673822190966,0
0.2222222222222222,10,2,0,3.260605607398844,0.4264027415891335,1
0.0,3,6,0,3.8118910790805947,0.6975616613868406,1
0.2222222222222222,3,10,0,3.5798625466052894,0.9408418083116292,1
0.2222222222222222,10,9,1,3.2280728504951046,0.32376218501005916,1
0.3333333333333333,5,4,0,4.0296322368059485,0.7881941870727879,1
0.1111111111111111,6,10,1,2.8487346516301044,0.5081443051607855,1
0.1111111111111111,4,8,1,3.2303616213380453,0.9470773367635712,1
0.1111111111111111,8,0,1,3.4159046082342295,0.9797407716157573,1
0.1111111111111111,0,10,1,3.64017496054259,0.9609865423794037,1
0.1111111111111111,7,10,1,4.462939903482534,0.6319499516602246,1
0.0,3,2,1,2.9991844553958993,0.9034298556925193,0
0.0,1,5,0,3.785586096034029,0.8911845789745492,0
0.1111111111111111,10,2,1,3.981036422155106,0.5233703312702789,1
0.2222222222222222,10,4,1,2.616126031799994,0.8802408319054742,1
0.2222222222222222,4,10,0,4.018862129753596,0.32590534430084483,1
0.0,1,10,0,2.9263103092182288,0.7173889149374371,1
0.2222222222222222,8,4,1,2.6626289824631986,0.4610061861013921,1
0.1111111111111111,9,4,1,4.872213843133333,0.38439682004409514,1
0.0,0,10,1,4.914080082686398,0.3538672411404464,1
0.0,7,6,1,4.520993370291153,0.7874021431146978,1
0.1111111111111111,7,3,1,3.2615344229334267,0.5379124746376462,1
0.2222222222222222,5,7,1,2.74418028501596,0.807336740070133,1
0.0,7,0,0,4.210582566280392,0.34574943855925966,1
0.2222222222222222,1,8,1,3.6003812343490034,0.5207032364814272,1
0.1111111111111111,10,9,1,2.805095587111947,0.677643904662736,1
0.0,1,10,1,3.7379422752781757,0.8535062153872743,1
0.1111111111111111,3,10,0,2.585971302788046,0.523126752052449,1
0.1111111111111111,1,8,1,4.773301005196956,0.7381239635059063,1
0.2222222222222222,4,6,1,3.1469499540000423,0.9201844237653309,1
0.2222222222222222,5,4,1,4.156305710884955,0.7311042317276132,1
0.3333333333333333,4,9,1,3.2792776902235277,0.4630716323275436,1
0.1111111111111111,8,9,1,3.800170052944527,0.3170805470895766,1
0.3333333333333333,1,9,1,3.8667756983581993,0.9090692117306509,1
0.1111111111111111,5,1,1,2.9621361388138174,0.314888587595271,1
0.1111111111111111,5,9,0,4.9239615694113965,0.9122911708789396,1
0.0,9,3,0,4.437832058402787,0.6702559938190484,1
0.1111111111111111,1,4,0,4.848747353910473,0.9573473889590274,0
0.2222222222222222,9,2,1,4.7370683760691215,0.8591482650415658,1
0.2222222222222222,0,7,1,3.994749947027713,0.9985538773733362,0
0.0,1,4,1,4.804685587557792,0.5454982708161971,0
0.3333333333333333,3,3,1,2.7212312551297986,0.8370318022517889,1
0.0,1,3,1,2.989957156047863,0.5813516395264695,0
0.0,2,1,0,2.613068222276345,0.6359129342127361,0
0.2222222222222222,6,4,1,3.313325826908161,0.739253824252859,1
0.1111111111111111,0,10,1,3.471693224223705,0.911573979930437,1
0.2222222222222222,8,9,0,3.1783725794347397,0.9888584284395066,1
0.1111111111111111,9,3,1,4.571843772879824,0.8377913897051628,1
0.3333333333333333,9,8,0,3.3918833167339733,0.5924367475171336,1
0.2222222222222222,10,2,1,3.202336274218452,0.5949499015939491,1
0.2222222222222222,1,3,0,3.856740207895621,0.816307611112224,0
0.3333333333333333,8,1,0,2.8523105624369065,0.4671440020378116,1
0.1111111111111111,9,4,1,4.505492451885099,0.37733187919197625,1
0.0,9,3,1,2.686376609199427,0.5482355103485436,1
0.2222222222222222,1,1,1,4.967217341501293,0.5010672941578572,0
0.0,8,0,1,4.430611923241644,0.507415684319193,1
0.0,0,7,1,2.996789203835431,0.46352542573493694,0
0.2222222222222222,0,6,1,2.513805292809006,0.3294652327454533,0
0.2222222222222222,5,6,1,4.538653571137085,0.3125117543133897,1
0.0,9,4,1,4.267143359619043,0.9914056728152221,1
0.3333333333333333,4,8,1,4.322517920102468,0.5994411936151036,1
0.1111111111111111,0,0,1,4.428175866714865,0.5690286530117772,0
0.0,7,1,0,2.6851116293352257,0.7757530978851488,1
0.1111111111111111,1,6,0,3.396164321360682,0.4527777215055449,0
0.2222222222222222,6,4,1,2.7896726488128243,0.9649728287651578,1
0.0,7,4,0,4.657758564688984,0.8504415100908864,1
0.1111111111111111,1,10,1,4.058245317068895,0.36258770161858167,1
0.1111111111111111,9,4,1,3.327245062131623,0.5923065430494499,1
0.1111111111111111,10,2,0,2.658895875715059,0.9153828152935153,1
0.2222222222222222,0,2,1,3.2774558042891555,0.9613124156039872,0
0.2222222222222222,8,2,0,3.312958305066868,0.6271810578749089,1
0.2222222222222222,6,10,1,4.32401544584516,0.7293879724474954,1
0.1111111111111111,7,7,0,4.093893678388033,0.41692376226445266,1
0.3333333333333333,5,10,1,4.718031856440817,0.9938180382958834,1
0.0,10,8,0,3.6805373129048733,0.4621701909684104,1
0.0,4,7,1,2.7989856148457544,0.959912241894588,1
0.1111111111111111,4,6,1,4.283111968057487,0.7547526542946579,1
0.0,5,0,1,4.401962621542244,0.7254157564152013,1
0.0,0,10,1,3.9031929939237404,0.658881957711556,1
0.2222222222222222,9,8,1,4.427417949886403,0.46146886820243105,1
0.1111111111111111,1,4,1,3.734488990910977,0.42356962240385576,0
0.1111111111111111,4,2,1,3.806832073454985,0.45434034634912274,1
0.1111111111111111,6,9,1,3.568852545896374,0.43050678350097815,1
0.1111111111111111,6,8,1,2.563547816860238,0.8457091314967273,1
0.3333333333333333,6,3,1,2.769728567483261,0.545087681416711,1
0.0,1,3,1,2.5785729642168356,0.34048987359437743,0
0.0,8,3,1,4.091026028159451,0.9783718410985678,1
0.0,2,3,1,3.285889952690817,0.9186501194743979,0
0.0,8,7,0,3.771426727911757,0.949426598236649,1
0.2222222222222222,5,1,1,4.768916184815232,0.9964354758525047,1
0.1111111111111111,7,6,1,3.1232305728721874,0.4217266744536411,1
0.1111111111111111,9,0,1,3.525957307589074,0.5773694132318611,1
0.1111111111111111,2,2,1,4.388877846357621,0.830766932992864,0
0.2222222222222222,4,6,0,3.071995413729056,0.7872144326376544,1
0.0,7,3,0,2.6924497745719824,0.40772713443789854,1
0.2222222222222222,9,0,1,3.22437863228442,0.8710831874934324,1
0.1111111111111111,5,4,1,2.9030532181350113,0.45710840028566246,1
0.2222222222222222,3,1,1,4.8242441308564326,0.4566723303758361,1
0.0,0,3,1,4.520300948911043,0.6758820960253895,0
0.1111111111111111,2,2,1,4.083509391276059,0.7150579543891922,0
0.0,9,9,0,4.6786514754692945,0.7060603454864678,1
0.0,10,10,0,4.509180192247786,0.3640407861784284,1
0.2222222222222222,5,10,1,2.9664251472150895,0.9142226038412662,1
0.3333333333333333,4,9,1,4.731397496224945,0.48592002981209426,1
0.3333333333333333,5,8,1,3.848355604789127,0.3906604448979629,1
0.2222222222222222,6,0,1,4.518600387910157,0.9221236559082839,1
0.1111111111111111,4,2,1,4.740228249808733,0.9689560487608273,1
0.0,7,3,0,3.2950086874296596,0.9034893320858153,1
0.2222222222222222,1,9,1,2.775129811319192,0.8666612523074146,1
0.2222222222222222,6,10,1,3.069837906354854,0.7586693864473152,1
0.2222222222222222,9,2,1,3.567769471565641,0.6856001594263974,1
0.2222222222222222,5,5,1,4.545036914806232,0.3608907319379871,1
0.1111111111111111,3,0,1,4.651826458140858,0.5859172491494891,0
0.0,8,5,1,2.517380326327977,0.5608819619086198,1
0.1111111111111111,3,0,1,3.7768682564439144,0.4818276486322283,0
0.1111111111111111,1,4,1,3.5435275078719473,0.8063940795820095,0
0.2222222222222222,0,3,0,3.0552695261768257,0.6471130145551396,0
0.0,8,4,1,2.799663418334207,0.3567323511353535,1
0.3333333333333333,1,0,0,3.34403792850907,0.4541282413648679,0
0.1111111111111111,6,3,1,4.857274259781298,0.7782811345617171,1
0.0,7,0,0,3.308007330051888,0.3532916016432101,1
0.0,4,5,0,3.796976554358415,0.8958448398341381,1
0.2222222222222222,10,3,1,4.2575473972379445,0.6466025689097821,1
0.2222222222222222,4,7,0,3.409074005948235,0.6364106041286536,1
0.0,3,1,1,4.929455206802402,0.7146854492616623,1
0.2222222222222222,3,2,1,4.906118237355278,0.8772766761476043,1
0.0,9,2,1,3.1294557395634106,0.5434664455315351,1
0.2222222222222222,5,3,0,3.7431212647309637,0.7746113067913445,1
0.0,10,0,1,3.2521957745419243,0.6960123747970537,1
0.1111111111111111,5,5,1,3.212101235943669,0.4869197891185949,1
0.0,10,8,1,2.592217368386332,0.9150409904486105,1
0.2222222222222222,10,1,0,4.023910834949742,0.8581982151248497,1
0.1111111111111111,8,4,1,3.7566975580721538,0.7609162842608979,1
0.0,6,0,1,2.6286968781249733,0.8954072103659694,1
0.1111111111111111,9,2,1,3.1966161605915286,0.9071059406718616,1
0.0,3,7,1,4.770664714916634,0.7958540837005244,1
0.3333333333333333,6,10,1,3.098904726667431,0.8859093298545704,1
0.2222222222222222,7,2,1,2.8622371802280577,0.7882300231684984,1
0.2222222222222222,7,0,1,3.7236319006939076,0.7760985402322103,1
0.0,5,8,1,4.964126135276501,0.733027964750629,1
0.0,6,2,0,3.105138178778751,0.8269016476903488,1
0.0,6,5,1,4.1803388685146965,0.4110235737051516,1
0.1111111111111111,2,1,0,4.404049038321794,0.91660953143925,0
0.0,6,9,1,3.0940938599809993,0.9102904694216623,1
0.0,2,1,1,4.320540871529649,0.3204730981241914,0
0.1111111111111111,3,9,1,3.419457831798133,0.8780717253953338,1
0.1111111111111111,5,8,1,4.080764576483949,0.3902089072314116,1
0.0,5,10,0,4.083824276902237,0.5345831979813993,1
0.1111111111111111,1,2,0,3.839436710186896,0.8204557794041254,0
0.0,7,10,1,2.7257244251360206,0.4125319272338157,1
0.1111111111111111,2,3,0,4.588256238973095,0.8725769168833435,0
0.1111111111111111,3,6,1,3.3019501624293395,0.8824939245704193,1
0.0,2,7,1,2.9662962759996354,0.6552274136325853,1
0.3333333333333333,9,2,1,2.60193785388691,0.3044701102017835,1
0.1111111111111111,7,0,0,3.9772323579706046,0.500926693222439,1
0.0,8,1,0,4.193910904605707,0.7318488428630194,1
0.2222222222222222,3,6,1,2.5414695723196403,0.9868303246191963,1
0.2222222222222222,3,5,1,3.7802326457482023,0.7422694689116678,1
0.2222222222222222,9,8,1,3.0662394379948448,0.4818625067449118,1
0.2222222222222222,6,4,0,4.112931976023624,0.7438039921697279,1
0.2222222222222222,9,2,1,2.9359160725124784,0.6779897658010988,1
0.1111111111111111,1,3,0,4.227344345256165,0.8458917766058005,0
0.2222222222222222,8,5,1,3.4668383657513435,0.3748864471788709,1
0.0,3,7,0,4.841824971841836,0.8327195317514196,1
0.0,8,4,0,2.8438023603649834,0.6788866050732771,1
0.2222222222222222,6,7,1,3.3526658776256464,0.9740944027012961,1
0.2222222222222222,1,7,0,2.783683803101473,0.5393105162270803,1
0.0,0,7,0,4.811734045696407,0.7428353251937636,0
0.2222222222222222,5,3,0,4.693348383452452,0.9524196738570121,1
0.3333333333333333,7,3,1,3.144854069287889,0.37175680959347546,1
0.3333333333333333,5,7,1,4.149960115085447,0.9560599410655157,1
0.1111111111111111,0,7,1,4.54305550050304,0.7815200056105693,0
0.1111111111111111,0,3,1,3.888002028998656,0.3474859413736203,0
0.2222222222222222,3,5,1,3.824126445890016,0.5106744968627713,1
0.3333333333333333,1,5,1,3.1046307272511293,0.7957204620516971,1
0.0,8,8,1,2.732756919514748,0.34714542102814017,1
0.0,1,3,1,4.743039394883317,0.7075193221233913,0
0.1111111111111111,3,10,1,4.7510451429083265,0.5421181398670697,1
0.2222222222222222,10,6,0,4.08275364318317,0.7346408624372339,1
0.1111111111111111,9,5,1,3.3475744776217518,0.332019423668759,1
0.1111111111111111,7,6,0,3.373023936531652,0.9100757643066633,1
0.1111111111111111,8,10,0,4.3148891971755985,0.9814422784241779,1
0.2222222222222222,1,7,1,4.742775649881443,0.9782144986999839,1
0.0,3,0,1,4.717716060662793,0.8247562822200472,0
0.1111111111111111,1,4,1,4.4496888646440595,0.39106036809144235,0
0.0,8,8,1,4.10507911538572,0.8307842371503158,1
0.0,6,1,1,2.7103499124876222,0.317210841521161,1
0.0,8,0,0,2.9040717852365345,0.31548648607029806,1
0.1111111111111111,1,7,1,4.746385471317698,0.5265271534046788,1
0.1111111111111111,9,3,1,4.016072649148975,0.642050233283266,1
0.1111111111111111,10,4,0,2.5229926290415743,0.8392851924654552,1
0.0,7,10,0,2.75367885716508,0.7783067636245535,1
0.1111111111111111,2,5,1,4.158754422770139,0.6121318944637237,1
0.0,1,6,1,2.512653959615547,0.4915386663971661,1
0.1111111111111111,2,4,1,2.9020201285437466,0.9979871501103978,1
0.1111111111111111,3,4,1,3.8718344734164654,0.598326911565181,1
0.0,7,3,1,4.2297379942317335,0.6159709170307728,1
0.1111111111111111,2,1,1,4.129903148756501,0.4145366748341684,0
0.2222222222222222,1,7,1,3.0606732736513997,0.8563666841249504,1
0.1111111111111111,3,3,0,4.28044805336884,0.785577558047042,0
0.0,8,3,1,3.0931227187420003,0.45453872895213226,1
0.2222222222222222,7,10,0,3.3134992453981695,0.3576667319310899,1
0.1111111111111111,8,8,1,4.36622851279506,0.7763495114522991,1
0.0,1,10,0,4.124082247618037,0.7581578499967947,1
0.1111111111111111,10,2,1,4.623058526235445,0.49128166889874647,1
0.0,9,0,0,4.144032230750859,0.9656044935752872,1
0.1111111111111111,1,1,1,3.920771508338679,0.40574052424663015,0
0.1111111111111111,6,4,0,2.7341869195702313,0.6026343607298212,1
0.2222222222222222,8,4,1,3.4192895076485836,0.9605311441173192,1
0.0,4,1,1,3.1630059192043136,0.5938091218482856,1
0.0,1,6,1,3.109974108447709,0.7469681633648598,0
0.1111111111111111,2,4,1,4.932526386881114,0.578316078573956,1
0.0,7,6,0,3.482744311666901,0.491950641644069,1
0.1111111111111111,3,8,1,4.730116387942783,0.9887843535718797,1
0.0,2,10,1,4.077846564993157,0.5865338044205302,1
0.1111111111111111,1,1,1,4.487028258854121,0.9258694425753939,0
0.3333333333333333,0,8,1,3.7565927327629804,0.4609682241237603,1
0.1111111111111111,3,4,1,3.9422597115658977,0.4491732928175583,1
0.3333333333333333,9,5,0,3.7312942345471596,0.32179385801915794,1
0.0,0,7,1,2.988107469495111,0.7561667777631195,0
0.2222222222222222,7,0,1,4.3061302881537635,0.5579684406066328,1
0.0,1,8,1,3.2019309061021395,0.9050507748877459,1
0.1111111111111111,5,3,0,2.5607899160786345,0.63124693468409,1
0.1111111111111111,8,5,1,4.113680739767919,0.9777353995403051,1
0.1111111111111111,1,4,1,2.9427766985176222,0.42986786099218477,0
0.0,10,0,1,4.851146460882285,0.9080362175689276,1
0.2222222222222222,5,7,1,4.884821442506468,0.8436177969542191,1
0.2222222222222222,8,4,1,4.787160975551121,0.8396452912508363,1
0.0,0,6,1,3.425396750638611,0.8913482596818214,0
0.0,2,8,1,2.5386415413221686,0.8327167936600992,1
0.2222222222222222,2,8,1,4.820796406469313,0.7383542251419908,1
0.0,7,4,1,3.5704603707932856,0.39187141437767126,1
0.1111111111111111,5,4,1,4.916637047609174,0.3227683256438763,1
0.3333333333333333,4,5,1,4.909049942723132,0.9445934934709808,1
0.2222222222222222,2,8,1,4.632523638668401,0.7316552201645166,1
0.1111111111111111,9,10,1,3.2361222301739643,0.8575761036833234,1
0.1111111111111111,7,9,1,3.4627443215048133,0.637065646058785,1
0.1111111111111111,8,1,0,4.627841678792143,0.3821157322736761,1
0.1111111111111111,2,2,0,3.292305012890694,0.3876300545417853,0
0.3333333333333333,7,5,1,2.923731866715231,0.7798957010602798,1
0.0,6,4,1,3.8920031561458757,0.6012141264296238,1
0.2222222222222222,9,1,0,4.840386935401952,0.44036730869023566,1
0.0,8,10,1,4.240074491687432,0.6441161827190058,1
0.1111111111111111,0,2,1,3.9251529252234123,0.34494625595259387,0
0.1111111111111111,8,6,1,2.7429412344269215,0.7073799813400792,1
0.1111111111111111,7,2,1,4.037518066747925,0.4882953831045683,1
0.0,1,10,1,4.975134625260658,0.8582913704460318,1
0.0,10,2,1,2.8502100380913102,0.5172533712465016,1
0.1111111111111111,0,1,1,3.7958241309093417,0.6186541043572609,0
0.1111111111111111,1,0,1,4.693432679819889,0.30813437793567044,0
0.0,7,1,1,4.351921544385511,0.3507128214561912,1
0.0,0,5,1,4.24253935248817,0.5747454894846793,0
0.2222222222222222,10,5,1,4.256210209967773,0.6359571843019864,1
0.2222222222222222,8,8,1,3.398727878049388,0.7200143836835126,1
0.0,9,4,1,3.2339796106612333,0.5041638050965123,1
0.2222222222222222,0,7,1,4.523402888696284,0.7864873202885798,0
0.0,0,8,0,4.525283486697952,0.9020856780324431,0
0.0,2,1,1,4.667680796450259,0.8458956922253449,0
0.1111111111111111,8,3,0,4.7831013813911785,0.32773317774384997,1
0.0,3,7,1,3.7783559971523446,0.6363548630804803,1
0.0,7,0,1,3.753790736717999,0.37345112489272236,1
0.1111111111111111,3,1,1,4.495737947416938,0.46943151110376924,0
0.3333333333333333,4,7,1,4.124909826944413,0.9906638152870024,1
0.0,6,8,1,4.254917193144259,0.39974688003105924,1
0.0,0,1,1,4.4894816735902525,0.6492217074159492,0
0.2222222222222222,10,5,1,4.725013354543916,0.7327090140226833,1
0.1111111111111111,9,1,1,3.3449878921288394,0.7917254793808728,1
0.1111111111111111,0,9,1,3.43895738159986,0.6917540784408398,1
0.1111111111111111,3,3,0,2.7349548496021727,0.3068395931934286,0
0.1111111111111111,7,2,0,3.945700352490435,0.5285229157707942,1
0.0,2,5,1,2.589855684491855,0.6623981503692979,1
0.3333333333333333,2,1,0,3.6639950453311503,0.3615065494013833,0
0.2222222222222222,10,8,0,3.8566115867689414,0.5454388518464265,1
0.2222222222222222,2,7,0,3.216353130320711,0.32324217615395656,1
0.0,6,4,1,3.977083151422527,0.3550049480085145,1
0.1111111111111111,2,9,1,2.5762506248476233,0.5778462933411173,1
0.0,2,3,1,2.593370471873036,0.39290102783014225,0
0.2222222222222222,6,5,0,4.556501401649146,0.6972785937830906,1
0.3333333333333333,4,8,0,3.4004766035281575,0.782625478396086,1
0.1111111111111111,9,3,1,2.817651281629712,0.8604106893763579,1
0.2222222222222222,2,6,0,3.8056081501370107,0.44010517097136703,1
0.0,2,2,1,4.4249838827465275,0.4172378075813488,0
0.0,8,4,1,3.039552568742108,0.37319748823408017,1
0.1111111111111111,6,6,1,4.0572261895475,0.7455011746805457,1
0.1111111111111111,1,10,0,2.71336866248442,0.7945330085408308,1
0.0,10,9,1,2.629204302921519,0.32211030137794944,1
0.3333333333333333,5,10,1,3.82838657892037,0.9553485723705828,1
0.1111111111111111,2,10,1,3.8515878040252662,0.3363798985560307,1
0.1111111111111111,8,10,1,4.093574753745516,0.6789074347107493,1
0.2222222222222222,6,9,1,4.315228334306654,0.7963423636156415,1
0.2222222222222222,1,10,0,4.939630198656337,0.90967838662226,1
0.2222222222222222,4,8,1,3.790750870752988,0.7998608524926993,1
0.2222222222222222,1,7,1,3.307391182353115,0.8612096581488542,1
0.1111111111111111,6,0,1,4.487965486921759,0.5376151347799643,1
0.2222222222222222,3,8,0,3.1770806281551858,0.8703775796225586,1
0.0,0,7,0,3.5974285517640903,0.3560803924692726,0
0.2222222222222222,6,8,1,2.696140953355665,0.9263716592423692,1
0.2222222222222222,1,1,1,2.5633768585386436,0.6833146633076153,0
0.1111111111111111,5,5,1,4.906621036694813,0.8721084389737455,1
0.0,10,5,1,4.589950301280515,0.61662279916281,1
0.0,1,10,1,4.2399355152342455,0.7505043866375674,1
0.0,2,4,0,3.5223823610356746,0.6684818626552792,0
0.1111111111111111,2,7,1,2.9332358001771146,0.8121126652287323,1
0.1111111111111111,9,0,1,2.891092606677715,0.3571409874214127,1
0.3333333333333333,0,8,1,3.125607245411488,0.34224645879339466,1
0.1111111111111111,5,8,1,3.873066661765301,0.4729722638071025,1
0.0,5,3,1,4.286489806750156,0.41168127607923183,1
0.1111111111111111,5,10,0,4.150493441794328,0.9102484966145412,1
0.0,8,2,1,3.199834742364857,0.453449791150631,1
0.2222222222222222,3,4,1,4.887163201657986,0.9831056790733919,1
0.1111111111111111,3,10,1,4.344742291739421,0.5358270542397747,1
0.1111111111111111,9,0,0,3.885885131278502,0.4274825409820895,1
0.0,4,9,0,4.0293018655858805,0.8527889549997354,1
0.2222222222222222,7,0,1,3.549000156069475,0.7610954428506133,1
0.0,0,5,1,3.1193274737528935,0.6487370015171973,0
0.2222222222222222,7,5,1,3.389931696628154,0.6887544856563419,1
0.2222222222222222,1,9,1,4.3946152761609225,0.8034412447905845,1
0.0,5,4,1,2.5359837215743894,0.4599183189319091,1
0.0,2,1,1,2.7901816012672906,0.9974337412397194,0
0.0,7,0,1,2.615006605054382,0.9823552135027482,1
0.3333333333333333,10,4,1,2.6018220057974255,0.7552279804428558,1
0.0,2,6,1,4.638651460027518,0.43967971565040154,1
0.1111111111111111,7,8,1,4.259144648450059,0.7761597697019038,1
0.0,4,0,0,3.685434572718313,0.35053888628542307,0
0.1111111111111111,0,8,1,2.7445854016275035,0.3214567515440642,0
0.1111111111111111,0,8,0,3.729039687792081,0.48037802195784957,0
0.2222222222222222,8,0,1,3.6836794269514144,0.6238360697175214,1
0.1111111111111111,7,8,1,2.933004674775038,0.9077907537858663,1
0.0,3,9,0,3.5846291230949325,0.8090183488364155,1
0.2222222222222222,1,10,1,3.4962618359934337,0.8198945648399867,1
0.0,6,10,1,4.039625245130541,0.5978453341136527,1
0.0,0,7,1,4.087734127169109,0.542154494782874,1
0.3333333333333333,3,9,0,2.613260024430111,0.5597271340892218,1
0.1111111111111111,1,3,1,3.436531536566178,0.9913546946152405,0
0.0,2,7,0,4.064649789285591,0.3280764339887377,1
0.0,1,6,1,3.7578406464502194,0.906922047285714,0
0.3333333333333333,0,0,0,4.641224602970805,0.7050727860006754,0
0.2222222222222222,9,5,0,4.146734079047363,0.6070307934327133,1
0.1111111111111111,0,3,1,2.9073360677035742,0.8076803622905955,0
0.0,8,9,1,2.6764218685010746,0.640668258997292,1
0.1111111111111111,7,7,1,4.106048195515789,0.9113962666571624,1
0.1111111111111111,0,10,1,2.5662782763540544,0.9304913048078809,1
0.3333333333333333,4,9,1,3.964438953183658,0.5952046488114188,1
0.1111111111111111,6,2,0,4.850575603562394,0.49377945806453605,1
0.0,0,4,0,3.9386854446896975,0.7146452300153535,0
0.0,2,4,1,3.4704248155163047,0.9386543419316837,0
0.0,7,2,1,4.108220546105883,0.44746353230396657,1
0.2222222222222222,3,6,0,3.6456322262287917,0.7360766084944379,1
0.1111111111111111,1,1,1,3.8640419732898375,0.7420921540647644,0
0.3333333333333333,4,5,1,4.853662021941313,0.8131791156906967,1
0.0,5,9,1,3.465256594501936,0.39209737958908186,1
0.0,2,2,0,4.902976409559786,0.8010774752774619,0
0.1111111111111111,5,8,0,4.763376604890159,0.9363227644659486,1
0.1111111111111111,6,7,1,2.989477836973241,0.42577817620916936,1
0.0,10,5,0,2.6734032521879136,0.4662803274467143,1
0.2222222222222222,7,6,0,2.7519450034435664,0.9799765658291477,1
0.3333333333333333,3,0,0,2.5455545641288744,0.42668386689664284,0
0.1111111111111111,4,9,1,2.736107401889821,0.8980695653587054,1
0.3333333333333333,10,0,1,4.207516933540893,0.6445944995136244,1
0.0,3,5,1,2.6779716211505726,0.4730617520822239,1
0.0,1,2,1,3.2974390757344034,0.909524930890758,0
0.1111111111111111,8,7,1,4.612188277423636,0.6117136785018658,1
0.1111111111111111,0,10,1,2.5581798393395645,0.6603721477507831,1
0.2222222222222222,8,10,1,4.536171206472339,0.551463358579836,1
0.2222222222222222,2,10,1,3.2046369369335,0.7150655960044492,1
0.1111111111111111,10,1,1,2.795412069054141,0.4144667108095159,1
0.0,3,6,1,4.241842913410377,0.5737570756562325,1
0.0,8,2,1,4.07235711694971,0.9785886256347012,1
0.1111111111111111,4,4,0,4.693680033817632,0.48069340289078927,1
0.1111111111111111,6,7,1,4.337677609509715,0.7597156651789045,1
0.0,10,1,1,4.508702325962121,0.5276330449572864,1
0.0,1,1,1,3.205086431428266,0.8414311879806204,0
0.2222222222222222,10,2,1,2.943598859449307,0.39161156250284485,1
0.1111111111111111,10,2,1,4.3765368791021455,0.9788747315549813,1
0.2222222222222222,1,3,1,4.5170868481681605,0.6176526789685475,0
0.0,8,1,0,4.976262855001684,0.46523532434252474,1
0.1111111111111111,9,5,0,3.531544192278566,0.35144772313100886,1
0.2222222222222222,9,8,1,3.430045214481958,0.41883053356127853,1
0.2222222222222222,6,1,0,4.441032401854992,0.6638417639892124,1
0.1111111111111111,8,8,1,3.3520088506325445,0.5359022235019004,1
0.2222222222222222,3,1,1,4.826893314008911,0.8802183561178265,0
0.2222222222222222,3,0,1,4.64603187960753,0.6016212665632641,0
0.0,1,9,0,3.5724850684375458,0.4740999908113409,1
0.1111111111111111,1,4,1,4.377177669478743,0.7320014906228209,0
0.1111111111111111,5,6,0,4.386357185211706,0.794744051819812,1
0.0,5,5,1,2.7578096720898317,0.4169293355306649,1
0.0,6,7,0,4.756382266698917,0.4173334514018223,1
0.0,10,10,1,3.763130931119643,0.3256699988534801,1
0.1111111111111111,0,6,1,4.566143665269355,0.8154814105459482,0
0.0,3,9,0,3.3001240025765295,0.7646631693352635,1
0.3333333333333333,1,9,1,4.738808071240501,0.6322416130248697,1
0.0,8,6,1,3.473004196835408,0.890919314278438,1
0.1111111111111111,4,6,1,2.527094128700746,0.8639691070650373,1
0.0,3,6,0,4.76345494104816,0.7097480550777264,1
0.2222222222222222,0,9,1,2.7282166919653337,0.907789896359281,1
0.1111111111111111,5,0,1,3.2982840939760374,0.44408884702573775,1
0.0,4,0,0,4.875154917627013,0.3783437335784095,0
0.2222222222222222,4,0,1,4.876517867343891,0.4888247280618927,1
0.0,1,9,1,3.933594720308215,0.3399607992625204,1
0.1111111111111111,5,1,1,4.079593030424498,0.6718186696007225,1
0.3333333333333333,7,6,1,3.621113804945799,0.9556239846064729,1
0.2222222222222222,1,4,1,3.2330269292451614,0.32754047846795675,0
0.2222222222222222,5,0,0,3.32166136342479,0.38547693980701875,1
0.2222222222222222,2,6,1,4.181296140192596,0.6165393197984046,1
0.0,1,7,1,4.3809363235942005,0.9537125122695334,1
0.0,6,1,0,4.478947609314622,0.5213092734837254,1
0.1111111111111111,2,5,1,4.474045356986385,0.6550643660818747,1
0.1111111111111111,8,0,1,2.728015257621726,0.3291010013352745,1
0.3333333333333333,7,6,1,3.7360507617564536,0.4038402406734622,1
0.1111111111111111,3,4,1,2.643896900041611,0.9906410860711927,1
0.1111111111111111,4,8,0,3.873822205809339,0.9755830875052318,1
0.0,7,10,1,3.6038262534334424,0.30345798665408674,1
0.2222222222222222,5,8,0,4.71926045689575,0.9662682497962671,1
0.0,5,9,1,3.3772875313801967,0.7473839564708502,1
0.2222222222222222,10,0,1,2.7926675410690147,0.9075428061640154,1
0.0,4,10,1,2.8574792051320896,0.6183178989437013,1
0.0,2,5,1,4.40377657929368,0.6609172200054751,1
0.2222222222222222,7,4,1,4.045545158290652,0.6421926061798441,1
0.3333333333333333,3,8,1,2.7528066903069757,0.766804980282273,1
0.0,5,7,0,2.7102670152874935,0.397755878329419,1
0.2222222222222222,7,5,1,4.2524228286478,0.32098151291087457,1
0.2222222222222222,0,2,1,2.681907515910484,0.5155509591138336,0
0.2222222222222222,3,10,1,4.554650148225891,0.7932765339156527,1
0.2222222222222222,9,1,1,4.265605567891241,0.4412974164860638,1
0.1111111111111111,6,3,1,2.7033719516047494,0.7714027033274421,1
0.1111111111111111,9,10,1,2.71209428521298,0.9789384322750894,1
0.0,5,6,0,4.9665989462529385,0.36573050105259286,1
0.1111111111111111,7,6,1,3.4356769893903008,0.7708214827575883,1
0.3333333333333333,4,7,0,3.4266053676672272,0.6106251535131998,1
0.3333333333333333,4,0,1,4.531998918143756,0.9076995780642536,1
0.2222222222222222,10,6,1,4.868121443459646,0.4240048526131701,1
0.1111111111111111,10,0,0,4.965002659557177,0.7848381665583151,1
0.1111111111111111,8,7,0,4.383445463147354,0.8866807027536772,1
0.3333333333333333,6,4,1,3.4406489638272895,0.9612299536318163,1
0.3333333333333333,0,0,0,2.708751791746672,0.778273619802752,0
0.0,10,5,1,4.442867289818592,0.6480223348058991,1
0.1111111111111111,8,0,1,3.8960106243395125,0.7324930681408497,1
0.3333333333333333,5,8,0,3.5605550231174408,0.9082334891351027,1
0.3333333333333333,3,9,1,4.76588596273684,0.6994268226471807,1
0.2222222222222222,8,8,1,2.7779937057653785,0.3212709417877858,1
0.1111111111111111,0,8,1,3.7315627607271478,0.9516640868548845,1
0.0,6,10,1,2.5283841119185477,0.7826687257220928,1
0.0,6,9,0,3.671651604985316,0.7735593700440725,1
0.1111111111111111,4,8,1,2.6407581892045933,0.450972606678402,1
0.1111111111111111,6,4,1,2.7970447906701796,0.76121982916286,1
0.0,9,8,1,2.793815616942762,0.575705083957911,1
0.0,1,6,1,4.1230257552901595,0.7558630839290443,1
0.1111111111111111,8,10,1,4.365112198163558,0.3746151212155935,1
0.1111111111111111,0,3,1,3.958421912742899,0.7604917132221252,0
0.0,10,6,1,4.905431371186355,0.9995896080394666,1
0.1111111111111111,4,2,1,3.43717644880926,0.3337484272023892,1
0.1111111111111111,5,10,1,3.214280215704652,0.9840219289549221,1
0.0,3,5,0,4.67149782047365,0.5848355725060094,1
0.2222222222222222,2,7,1,3.0589895962986313,0.9095274152360813,1
0.1111111111111111,4,9,1,4.908056348601528,0.8476698388407913,1
0.1111111111111111,8,10,1,2.5303861867245407,0.6969113826906674,1
0.2222222222222222,1,6,0,4.924697066769097,0.8169144464759286,0
0.1111111111111111,0,2,1,2.6078997798764405,0.9149608929109434,0
0.1111111111111111,9,0,0,4.727857784245177,0.5828982251557231,1
0.2222222222222222,2,6,1,3.8192527727157497,0.528923213094267,1
0.1111111111111111,10,5,1,4.982411990298251,0.7673153698945092,1
0.1111111111111111,1,6,0,2.684491411838497,0.8654921593588809,0
0.2222222222222222,8,10,1,3.884635711003302,0.833599594343631,1
0.0,10,0,1,4.9232563390477475,0.8584695542010441,1
0.1111111111111111,1,1,1,3.807744610425372,0.6049083203690531,0
0.2222222222222222,0,5,1,4.073496595338156,0.8724839513225151,0
0.0,2,10,1,4.239371722461543,0.3841463387594259,1
0.2222222222222222,10,1,1,3.636352661919433,0.6811423685725946,1
0.0,5,8,1,4.068895200210159,0.3040310623486851,1
0.3333333333333333,10,9,1,3.9607857798077504,0.5272100809301892,1
0.0,8,1,0,4.752895026227472,0.5565230744099785,1
0.0,6,2,1,2.6136159508536445,0.5773208841264788,1
0.1111111111111111,10,6,0,3.2024079739805758,0.7868270446829035,1
0.3333333333333333,1,9,1,4.876028710191397,0.5719906708892419,1
0.2222222222222222,3,9,0,4.725659459727291,0.6140855358357714,1
0.1111111111111111,0,9,1,3.6391418819642825,0.46628089161202924,1
0.2222222222222222,10,8,1,4.050331494503842,0.5612762541405381,1
0.1111111111111111,2,10,1,3.1934529574528314,0.459088739084206,1
0.2222222222222222,6,8,1,2.970302899309403,0.3512371466379105,1
0.3333333333333333,6,0,1,3.6592460123499553,0.7224140153669645,1
0.1111111111111111,3,9,1,3.383380570065132,0.7677489589885114,1
0.0,7,1,1,3.95914027962718,0.73364324220673,1
0.2222222222222222,8,2,1,2.694336592412462,0.6244458306604006,1
0.3333333333333333,8,7,1,4.935987019165417,0.5658500461254609,1
0.3333333333333333,3,0,1,4.965526861199008,0.9043335547002775,0
0.1111111111111111,9,10,1,4.2454042850493625,0.6633572495953526,1
0.1111111111111111,5,0,1,3.840240915860301,0.6354273143408116,1
0.2222222222222222,7,2,0,3.2738190407158196,0.317949446064505,1
0.0,4,0,0,4.5344875492673715,0.5388734793383094,0
0.2222222222222222,1,4,1,4.211827931384699,0.5661369331500998,0
0.0,0,5,1,2.9065423483622284,0.5791759466278303,0
0.1111111111111111,7,9,1,4.777317961234607,0.7061206584591326,1
0.1111111111111111,5,4,1,4.556343107307923,0.6735217827088149,1
0.0,9,2,1,4.87449978322981,0.7255335649554112,1
0.0,7,0,0,4.3142987709709,0.8354182830794898,1
0.0,9,5,1,4.033537989839475,0.8690900171012654,1
0.0,9,5,1,3.545607590726547,0.8026861533585461,1
0.0,1,9,1,4.831821208385033,0.9688665871684543,1
0.0,0,4,1,4.665159723751021,0.3127628078734531,0
0.3333333333333333,1,10,0,2.6130466752654735,0.4370445899784823,1
0.1111111111111111,9,6,0,2.56591743624313,0.30529401248469945,1
0.3333333333333333,9,7,1,3.441158417195124,0.753232299908222,1
0.0,4,5,1,4.526383326954582,0.9286213842649909,1
0.2222222222222222,2,1,1,4.968190323287361,0.47043760760340947,0
0.2222222222222222,9,5,1,2.8760422277588207,0.9489241813574145,1
0.1111111111111111,2,1,1,3.9853267883803376,0.3421871732026926,0
0.0,9,10,0,3.452227141577554,0.9541052187638599,1
0.0,8,4,1,4.924785994536508,0.546135881067744,1
0.1111111111111111,0,6,1,4.605297307839272,0.37099457991445156,0
0.1111111111111111,7,7,1,4.595821761777845,0.6401102314304279,1
0.0,7,0,0,3.6717328994874254,0.47974359740435557,1
0.3333333333333333,1,1,0,3.537048755844163,0.49941103137334597,0
0.0,0,9,1,3.1835176798267657,0.5151029754484006,1
0.2222222222222222,6,5,1,2.640938741627318,0.8621181284828643,1
0.1111111111111111,4,7,1,4.661805940637633,0.6774128936726781,1
0.1111111111111111,5,9,0,4.532252522825194,0.5179153894092026,1
0.1111111111111111,7,2,1,4.999294183215326,0.7272336483176428,1
0.1111111111111111,5,0,1,4.991592092684764,0.8013054719562354,1
0.2222222222222222,5,0,1,3.8885792640065686,0.4908368005134736,1
0.0,2,0,0,4.422468537951277,0.589484371067746,0
0.2222222222222222,4,10,0,4.8619143247060705,0.3853202653358633,1
0.3333333333333333,8,7,1,4.624118476693528,0.4268045446742762,1
0.0,4,5,0,3.118370254357994,0.7767824977754879,1
0.2222222222222222,9,0,1,3.6263603382752336,0.42700684338693884,1
0.1111111111111111,6,10,1,2.8228985378787375,0.667614368566942,1
0.3333333333333333,5,9,1,4.885127568146806,0.7963323832057028,1
0.1111111111111111,6,2,1,4.0154365861272,0.3748138461663207,1
0.2222222222222222,3,7,0,3.0716070137586566,0.6971185537402325,1
0.0,6,2,1,4.179251711014642,0.4795939485909546,1
0.0,7,8,1,4.04532060114474,0.9740488126663058,1
0.3333333333333333,10,4,1,3.395406795082101,0.6384819527039473,1
0.0,1,2,0,2.7838939804990726,0.8641947848426106,0
0.1111111111111111,7,10,1,4.178932988981999,0.6851585795093832,1
0.0,3,9,1,3.8007692522594834,0.3303887729983734,1
0.1111111111111111,3,7,1,4.4307959793390985,0.7432059629158156,1
0.2222222222222222,9,9,1,3.8004087527799832,0.9659823395446598,1
0.3333333333333333,5,3,0,4.630453750796351,0.7211282741024319,1
0.1111111111111111,5,0,1,3.879767096936214,0.873432201598753,1
0.3333333333333333,7,7,1,3.902344928838466,0.9189445243438854,1
0.2222222222222222,1,4,1,4.691634006645863,0.4596558403642527,0
0.3333333333333333,1,1,0,3.5087071655309927,0.44843138793575865,0
0.0,10,8,1,2.835038071126602,0.7276866921956942,1
0.1111111111111111,7,0,1,2.5719566907833475,0.5877199288646933,1
0.0,0,10,0,4.387843139184048,0.8879029120067041,1
0.0,1,5,1,4.050773878383662,0.9300161863786078,0
0.1111111111111111,5,3,1,4.260199420248059,0.5473949655119026,1
0.1111111111111111,10,6,1,3.0324104037722766,0.4658093912821374,1
0.1111111111111111,0,0,0,2.8409286889669243,0.8463678606707032,0
0.2222222222222222,6,5,1,2.536361664169705,0.49236422488369525,1
0.0,10,2,0,3.376468897016492,0.8758300229595748,1
0.1111111111111111,5,5,1,3.9747942171365827,0.596616777554134,1
0.3333333333333333,9,4,1,3.4806101127493307,0.7672849295040293,1
0.2222222222222222,3,9,1,3.5936873050593228,0.3668747196842677,1
0.0,8,8,1,4.760396736234371,0.736701527273601,1
0.1111111111111111,2,4,1,3.370638667558251,0.6162373751160604,0
0.1111111111111111,9,0,0,3.784973722899527,0.7106259242228319,1
0.1111111111111111,7,8,0,4.459132531852857,0.4176099454214044,1
0.1111111111111111,4,10,1,3.4913569558031754,0.8158116214609274,1
0.1111111111111111,1,7,1,4.0552167505696834,0.9039579542802598,1
0.0,6,7,0,4.655909271866863,0.4517178600635429,1
0.1111111111111111,5,1,0,4.8738015591441055,0.3670001888641132,1
0.3333333333333333,8,2,1,2.8676837023225947,0.3165470102324355,1
0.2222222222222222,8,0,1,4.816469062903736,0.7493800503102861,1
0.3333333333333333,3,9,1,3.7302907326988457,0.7249658252621465,1
0.1111111111111111,1,4,1,3.145610970747396,0.6826881888998491,0
0.2222222222222222,0,4,1,3.647839390595653,0.46236296728118276,0
0.2222222222222222,5,8,1,4.950081438213693,0.5736341971338602,1
0.1111111111111111,5,8,1,3.731545234982174,0.7161334346303211,1
0.1111111111111111,5,6,0,3.3218790257187703,0.6477368012014185,1
0.0,6,1,1,4.083502135791814,0.991449864150421,1
0.1111111111111111,1,4,1,3.100364046945483,0.3955078267897132,0
0.2222222222222222,9,2,1,2.68965832027166,0.7866011878333157,1
0.0,3,3,1,2.822199304776623,0.5830231376730044,1
0.1111111111111111,10,5,1,2.820114597394431,0.5997397304479303,1
0.0,3,2,1,2.8797567337807357,0.8023184359607234,0
0.3333333333333333,2,1,1,2.8470679316235254,0.7847053059270588,0
0.2222222222222222,9,10,0,4.102186862008036,0.9938791955915318,1
0.2222222222222222,3,1,1,2.954700210997862,0.38987600261788763,1
0.0,6,4,1,3.364168208309658,0.37287675456891645,1
0.1111111111111111,7,3,0,4.7419710247650295,0.8070371719901188,1
0.1111111111111111,10,2,1,3.6849041006571808,0.7048708419044863,1
0.1111111111111111,8,2,1,4.168894346302568,0.49191246659186405,1
0.1111111111111111,3,7,0,2.9307996780040746,0.3555935582922906,1
0.1111111111111111,7,9,0,2.980722547021677,0.3599607747175014,1
0.0,7,4,1,2.6021715406661974,0.9259336122648827,1
0.3333333333333333,9,9,1,2.922337657680411,0.43430712730312004,1
0.1111111111111111,0,1,1,3.1964758475798964,0.5263600934808645,0
0.2222222222222222,5,0,1,2.942526210691867,0.4586594815588916,1
0.2222222222222222,10,0,1,2.721756334392639,0.5484974140823561,1
0.1111111111111111,5,10,0,2.801589677751502,0.34859668992226533,1
0.0,5,3,1,3.6519469200818144,0.6633418536357892,1
0.0,4,3,0,3.0158342960144813,0.3473287945145504,1
0.3333333333333333,5,6,0,3.4106746526201888,0.8602495554756531,1
0.1111111111111111,8,3,0,3.7585431771371423,0.4635984573373031,1
0.0,8,2,0,4.225987071573414,0.6780083402231574,1
0.3333333333333333,5,1,1,2.5982803496027476,0.9160553612930207,1
0.2222222222222222,3,10,1,4.498525997272607,0.7556141583330358,1
0.0,8,4,1,4.0697509737272695,0.6730704505859346,1
0.3333333333333333,7,9,1,2.7043975798721798,0.5270336271807629,1
0.1111111111111111,4,2,0,4.683946560266943,0.5331013391407385,1
0.0,3,8,0,4.802181001329533,0.768640868638733,1
0.1111111111111111,2,4,1,2.6526948996371593,0.9958975528548173,1
0.3333333333333333,8,7,1,3.1921941203680095,0.7632874328945649,1
0.1111111111111111,6,9,1,4.515503199482653,0.6904483921590174,1
0.1111111111111111,6,8,1,4.370649225959146,0.8114553571674723,1
0.1111111111111111,4,10,1,2.961302548390943,0.6256439285986026,1
0.1111111111111111,10,8,0,3.0233733083417755,0.34209963982054964,1
0.0,2,3,1,3.426180256978455,0.6936077711145368,1
0.0,5,4,1,3.7113074629775533,0.970337699153766,1
0.0,5,7,1,4.04563692882574,0.42271205965036174,1
0.2222222222222222,4,6,1,3.4222840989244308,0.783003423574466,1
0.1111111111111111,0,5,1,3.65633679033287,0.44065358206133953,0
0.1111111111111111,0,1,0,4.368677345334391,0.6750793791311569,0
0.1111111111111111,3,5,1,2.5917080072264946,0.3676735147527037,1
0.1111111111111111,3,8,0,3.131092360860052,0.6152596553807296,1
0.0,4,2,0,4.283373964711381,0.8293143302266721,0
0.0,8,5,1,4.738017094217998,0.5433000669672874,1
0.0,1,9,1,3.7791936052891653,0.7654382071410526,1
0.1111111111111111,10,6,1,3.830283713163289,0.8568149725528105,1
0.1111111111111111,7,1,0,2.76793002834944,0.9490244736356168,1
0.3333333333333333,0,3,1,3.618530917058637,0.46424945729881745,0
0.1111111111111111,6,7,0,3.831543166137558,0.5795211410665156,1
0.0,3,9,1,3.106176259086824,0.4066912093312922,1
0.0,7,6,1,3.1731080773734526,0.9947384515108626,1
0.1111111111111111,5,6,1,3.4432104077615566,0.9489006775470066,1
0.0,3,4,0,2.550177994444316,0.6779699911963917,1
0.0,1,9,0,3.3051979139579455,0.8894233060634948,1
0.0,7,7,1,3.0286200174913613,0.6646705840904295,1
0.0,3,0,1,3.3187433804447863,0.7365099816019318,0
0.0,9,0,1,2.799405329548128,0.36238710248121164,1
0.0,3,10,0,4.726318201849738,0.8286892943477655,1
0.2222222222222222,0,6,1,3.9839811338851217,0.38939943854466436,0
0.1111111111111111,0,6,1,4.197755797861224,0.8782473411767697,0
0.1111111111111111,3,2,1,4.472928096518346,0.8474196613692702,0
0.0,10,3,1,3.746105497322643,0.7961212884200835,1
0.1111111111111111,4,8,1,2.7173007202185593,0.32531226636733346,1
0.0,3,9,1,3.8427663545463693,0.51218984916173,1
0.2222222222222222,1,0,0,3.967102795052198,0.48417879893758997,0
0.0,4,4,1,4.3635986854608255,0.5520954852300634,1
0.0,9,1,1,3.5791488655741985,0.36134992273468697,1
0.3333333333333333,6,9,1,2.8189507569889094,0.9558704761217438,1
0.2222222222222222,10,7,0,3.2094397644968113,0.6876615684986633,1
0.0,0,2,0,3.4077057409965876,0.5138670174606165,0
0.1111111111111111,3,9,1,4.114793103329003,0.5778870619519983,1
0.1111111111111111,2,5,0,3.92694576167228,0.6130417783533849,0
0.2222222222222222,8,8,1,3.3902418147446154,0.7204160333524321,1
0.0,2,7,0,4.9662881219824495,0.6609755993875484,1
0.2222222222222222,0,2,0,4.014437048392217,0.9435743812500921,0
0.0,6,10,1,3.0930669793399863,0.6478744380340811,1
0.1111111111111111,8,3,1,2.754456181551009,0.9945106103763188,1
0.3333333333333333,10,8,0,2.8821478479608302,0.895997470421567,1
0.2222222222222222,3,0,0,3.1148943209612705,0.44595736005013503,0
0.1111111111111111,5,10,1,2.901703433148889,0.9514166502507413,1
0.1111111111111111,3,9,1,2.9664175601282645,0.3814564785198332,1
0.2222222222222222,2,3,1,3.2127379217346177,0.872214795943834,0
0.1111111111111111,0,3,1,2.933433988236887,0.566436305433606,0
0.1111111111111111,5,7,0,4.741913561566063,0.9145820243115486,1
0.1111111111111111,9,2,0,2.7005843641541056,0.9076396830752151,1
0.0,0,5,1,3.8112784739256367,0.8641477800823347,0
0.2222222222222222,10,7,1,3.525992067474154,0.8530213054149429,1
0.0,0,8,1,4.955946542271516,0.5132753973686286,1
0.1111111111111111,4,1,0,2.780097255420131,0.3566434981358765,0
0.3333333333333333,5,7,1,3.494638997614354,0.582086125135613,1
0.2222222222222222,6,10,1,4.923676083188422,0.42146716049055605,1
0.2222222222222222,8,0,1,4.663767814734951,0.7864657622317232,1
0.0,2,7,1,4.5426801773731995,0.5422698085764499,1
0.1111111111111111,3,8,0,3.1447570676123497,0.9829271406019404,1
0.0,0,8,1,2.9272189684751644,0.7486804541417323,0
0.1111111111111111,3,7,1,4.171608049811077,0.8757363945440526,1
0.2222222222222222,5,7,0,4.8234399728189645,0.39276727091929386,1
0.0,2,10,0,3.8919072325348245,0.9034101375908357,1
0.3333333333333333,6,8,1,3.9290317236747496,0.9459300333593761,1
0.0,7,8,0,3.1999477341507103,0.6409433431732551,1
0.1111111111111111,4,5,1,4.423732332979842,0.7243770564256842,1
0.1111111111111111,3,3,1,2.9676093713938085,0.8353668606320968,1
0.1111111111111111,4,2,1,3.309198091010609,0.42238703908228875,1
0.1111111111111111,7,10,1,3.563591096541042,0.6517962535244097,1
0.0,7,3,1,3.7690259467111376,0.5790641194406192,1
0.0,6,5,1,3.1060243310377005,0.40246179451357433,1
0.0,2,7,1,2.787092061848009,0.557274095604072,1
0.0,3,8,1,4.026550106104081,0.3477206165698455,1
0.1111111111111111,2,2,1,3.2215763831006394,0.31806833486464087,0
0.0,4,7,0,3.9530955535565306,0.3946164024083759,1
0.0,8,4,1,2.8859067881855056,0.9741805781124215,1
0.2222222222222222,2,10,1,3.7028502546370436,0.6846706751265119,1
0.0,4,2,0,3.8314735813789644,0.976075512807254,1
0.2222222222222222,8,8,1,2.6295588420560674,0.6027485148310924,1
0.2222222222222222,9,6,1,3.3415106954848017,0.5182712931596817,1
0.0,9,7,1,2.8360366923474354,0.6542993039881708,1
0.0,7,6,1,2.6584374261819192,0.6076581820430371,1
0.0,4,10,1,4.974900580974863,0.37396527898322074,1
0.3333333333333333,3,8,1,3.3058846124368073,0.7485784202831443,1
0.2222222222222222,2,5,1,4.524686114636587,0.4512267277567197,1
0.0,2,10,1,3.1366016369094094,0.7337115684284807,1
0.0,3,4,0,4.203756805559824,0.7551407646787074,0
0.1111111111111111,4,6,0,4.400569649724217,0.40641739719005365,1
0.2222222222222222,6,8,1,3.989096851519611,0.3429447389774677,1
0.1111111111111111,0,1,1,3.678940471375396,0.8465331102479079,0
0.1111111111111111,1,2,1,3.5296022853681714,0.621860296638524,0
0.2222222222222222,0,0,1,3.372170666357488,0.34071465685383306,0
0.1111111111111111,6,2,1,4.823822860619565,0.9964064220188369,1
0.3333333333333333,8,5,1,4.576548519469323,0.34044639269745663,1
0.0,4,2,0,4.912567276666282,0.7865246602009872,1
0.1111111111111111,4,5,1,2.8107430587138618,0.9885752476843894,1
0.1111111111111111,4,3,1,4.3271686880091105,0.4674260729511479,1
0.1111111111111111,4,8,0,4.845851142052595,0.3995745580810373,1
0.0,3,9,0,2.95308266541415,0.3849694575957002,1
0.1111111111111111,8,2,1,2.6662406684169437,0.5122926032973169,1
0.0,9,6,0,4.352801623225147,0.37073206770745265,1
0.3333333333333333,2,0,1,3.9361827829497797,0.7845129391858923,0
0.1111111111111111,8,9,1,4.60457194189568,0.3436042586910439,1
0.2222222222222222,10,5,0,2.849430941565724,0.6565954897048527,1
0.1111111111111111,3,2,0,4.4881682796497255,0.9976877976970837,0
0.1111111111111111,2,4,0,3.0040683001193615,0.8697791886542132,0
0.1111111111111111,7,10,1,2.909139857164261,0.7306536067617075,1
0.0,3,1,1,2.9106644948274822,0.5143775345506282,0
0.0,2,2,1,4.536436800578455,0.7367270854041469,0
0.2222222222222222,5,10,1,4.1629930517405,0.6689290247381561,1
0.2222222222222222,5,10,1,3.8076635619227983,0.59825836872326,1
0.0,1,8,1,3.3970762103087564,0.39149726371813964,1
0.2222222222222222,5,0,1,4.693001352032771,0.9206229506683266,1
0.0,3,3,0,3.4811127685565886,0.6148492541749258,0
0.0,6,8,1,4.541498598678943,0.43623575827453553,1
0.0,5,5,1,3.597837271425546,0.5574315456141027,1
0.1111111111111111,6,2,0,3.442361073562269,0.589890826770249,1
0.1111111111111111,5,6,1,3.6566994641740163,0.8792765268968119,1
0.1111111111111111,7,4,1,3.253444685410355,0.8135300663929814,1
0.3333333333333333,0,2,1,4.369023450440627,0.8385134255489377,0
0.2222222222222222,5,1,1,3.756800975231198,0.30772188510005305,1
0.0,7,2,1,3.080531737867043,0.5913077987258331,1
0.2222222222222222,0,2,1,4.748936433186421,0.6369409061447264,0
0.0,6,10,1,3.459728053433029,0.3134345937761397,1
0.1111111111111111,2,10,1,3.8588821527849717,0.48186924612152393,1
0.0,2,3,1,4.766180277411367,0.8322028761854945,0
0.3333333333333333,1,3,0,4.06059498978498,0.39597679401029934,0
0.0,8,2,1,2.7922451017709102,0.6747170920168142,1
0.2222222222222222,4,3,0,4.849580309033688,0.45064131041206623,1
0.3333333333333333,9,9,1,4.069270132678545,0.3084845422507253,1
0.1111111111111111,0,1,1,3.3372640366427153,0.468841020319679,0
0.1111111111111111,9,1,1,2.848180181658468,0.9831116284370376,1
0.1111111111111111,5,0,1,4.48506297317574,0.8610759783180926,1
0.1111111111111111,6,4,1,4.050181889821284,0.9717036510247232,1
0.1111111111111111,0,4,0,3.8336527299408036,0.6414978307484537,0
0.1111111111111111,6,0,1,4.734731457627394,0.37681533907425246,1
0.1111111111111111,1,6,1,4.471493028061326,0.683571642281585,0
0.0,6,10,1,2.879187199331878,0.6180641341919726,1
0.1111111111111111,6,7,0,3.279305169488871,0.8910499579177311,1
0.3333333333333333,2,4,0,3.1212228495361645,0.3686578065489712,0
0.1111111111111111,6,1,1,4.359865731431692,0.6417687959152447,1
0.2222222222222222,0,5,1,2.5838310868394485,0.40503406528578895,0
0.1111111111111111,1,8,1,3.9247242121782913,0.527273148823042,1
0.0,0,4,1,4.406146714351726,0.8161499541714596,0
0.3333333333333333,5,4,1,4.691914091904374,0.6332126905581366,1
0.2222222222222222,9,0,0,3.3552043717897684,0.5631217996020386,1
0.2222222222222222,8,6,1,4.553143261680033,0.5761333949990246,1
0.0,6,8,1,2.7765793423880183,0.6216127378841907,1
0.1111111111111111,9,2,1,4.616130729336295,0.8495115806859397,1
0.1111111111111111,1,4,1,2.818721655829956,0.9244592822581641,0
0.1111111111111111,0,6,1,3.493218226400918,0.9687342805527497,0
0.2222222222222222,4,8,0,4.493238414448884,0.8508323703787066,1
0.1111111111111111,2,3,1,2.8747935683719343,0.5207848270236088,1
0.2222222222222222,10,8,1,3.0731284880816037,0.7816942942605795,1
0.2222222222222222,6,4,0,4.305631420982666,0.6063221868387743,1
0.1111111111111111,10,4,0,4.300091341365186,0.47826943543223577,1
0.2222222222222222,10,5,0,4.102869082213243,0.8886101055981457,1
0.1111111111111111,6,3,1,4.234871111167751,0.32689844427362746,1
0.2222222222222222,0,10,1,3.8568111083689907,0.9312333944947964,1
0.1111111111111111,7,5,1,3.1294976472673817,0.6230342252373139,1
0.0,5,5,1,3.3642399837597985,0.7460410337657963,1
0.0,5,7,1,2.9539942920035642,0.7615477455440478,1
0.1111111111111111,9,9,0,4.771126403334071,0.9265824184945755,1
0.1111111111111111,9,1,1,3.958479486915301,0.7456687775170451,1
0.0,7,7,0,3.5021285419090997,0.7297535093320432,1
0.0,3,10,1,3.6550145091103317,0.34665642839248295,1
0.0,9,7,1,4.868208349029539,0.6628856153616428,1
0.2222222222222222,10,1,0,2.8833785077902006,0.40511830057192916,1
0.2222222222222222,1,8,0,3.9655745800419933,0.8162036381050399,1
0.2222222222222222,6,8,1,3.764721697211165,0.6585553445688721,1
0.2222222222222222,7,7,0,4.02863558858662,0.7761594454458473,1
0.1111111111111111,10,2,1,2.5452754595521014,0.32917103042166895,1
0.3333333333333333,3,2,1,4.680309772360379,0.35935441123206224,1
0.0,7,0,0,4.83029570620903,0.8014263716438776,1
0.0,1,9,0,3.9128329589730226,0.35045903519907134,1
0.2222222222222222,4,8,1,4.241627059692231,0.34987970943568103,1
0.2222222222222222,7,0,1,4.806248452943239,0.3084759326644212,1
0.1111111111111111,8,6,1,4.268096585783496,0.9695509788096359,1
0.0,6,7,1,2.881347607285653,0.8162558516213048,1
0.2222222222222222,8,5,0,3.940720900417033,0.5472759859514449,1
0.1111111111111111,1,10,1,4.01678761595714,0.5075749069013586,1
0.3333333333333333,4,3,0,3.560326678255965,0.5447922608220946,1
0.1111111111111111,9,9,1,4.341110589061807,0.8422574718268272,1
0.2222222222222222,8,2,0,4.835917536922537,0.76295942774929,1
0.1111111111111111,9,1,1,4.813921282266941,0.42963689750722756,1
0.2222222222222222,6,4,1,3.6270984285103305,0.421876534733859,1
0.0,8,9,1,2.7830951146018883,0.3688769547993781,1
0.2222222222222222,3,9,1,4.962102997405836,0.7622119037909367,1
0.2222222222222222,2,0,1,4.597245216114835,0.835060863555215,0
0.2222222222222222,6,7,1,2.811656703008167,0.4855324998275028,1
0.0,6,10,1,4.802104706543431,0.31466147272163897,1
0.0,5,4,1,4.674740905155321,0.3575201672334991,1
0.0,8,9,1,3.7970951428151802,0.9775020243915213,1
0.3333333333333333,4,7,1,3.9781885893623232,0.5068113442341942,1
0.1111111111111111,1,3,1,3.4975067596753258,0.8384562034866936,0
0.2222222222222222,4,3,1,2.636904097055078,0.7372644981979846,1
0.0,4,2,0,3.3379931041147524,0.5673577477570271,1
0.0,1,2,1,4.507133621495028,0.4439810835368886,0
0.0,0,2,0,2.511580057511507,0.38497049271158446,0
0.1111111111111111,9,8,1,3.3337479292278607,0.7305090776272066,1
0.3333333333333333,10,10,1,3.4954217339773583,0.8422436464464516,1
0.3333333333333333,6,4,1,3.8434890073448074,0.7507329774787914,1
0.0,4,1,1,4.799639041031901,0.6712114932744108,1
0.1111111111111111,9,1,1,3.3658649859149032,0.3293658564021454,1
0.2222222222222222,8,6,1,3.367383004740569,0.9779421443160685,1
0.1111111111111111,10,9,1,4.343753120274371,0.8590999341582022,1
0.0,3,7,0,3.630544852224518,0.5049754256906753,1
0.1111111111111111,1,9,0,3.061512057349955,0.9859792305511954,1
0.3333333333333333,6,6,1,3.6310987903317336,0.7213171127454254,1
0.1111111111111111,4,1,1,2.8521425509494995,0.7076958607450725,1
0.2222222222222222,3,2,1,2.9409674662655583,0.8236512256006725,1
0.0,5,9,1,3.7459194318486992,0.8682388516630963,1
0.2222222222222222,8,3,0,3.5473136237613696,0.7595350251320518,1
0.1111111111111111,9,8,1,4.78711475267025,0.38966702245634,1
0.1111111111111111,7,10,0,3.4059847477915826,0.5367872541961488,1
0.0,8,1,0,3.951470875695109,0.9496585482282347,1
0.2222222222222222,2,4,1,4.080660719798826,0.45723092829069634,1
0.0,10,9,1,2.532736141470834,0.5605169166862594,1
0.1111111111111111,5,7,1,4.1588434300417765,0.6024538180609371,1
0.2222222222222222,3,10,1,2.9450899171743785,0.6075834927861166,1
0.0,2,7,0,4.902675793673637,0.7290577077461678,1
0.1111111111111111,10,7,0,2.8716568193827823,0.9601530864212953,1
0.3333333333333333,8,10,0,3.5365603093175593,0.4684848982827534,1
0.0,4,2,1,2.7133741701966096,0.3850509634106426,1
0.2222222222222222,2,8,1,4.992185629614868,0.4382293429019561,1
0.3333333333333333,1,3,1,3.7554875258281064,0.9208474301464886,0
0.2222222222222222,2,4,0,3.9884625433001095,0.7520675688586442,0
0.0,7,10,0,2.6676911934710685,0.500134752467412,1
0.1111111111111111,1,2,1,4.374901175997945,0.8711628572780321,0
0.0,3,5,1,3.0247639827389645,0.9029589974544052,1
0.1111111111111111,9,5,0,4.745135723601784,0.8925600370831945,1
0.2222222222222222,7,4,1,3.012849101205018,0.9432485735476881,1
0.2222222222222222,6,2,1,2.976719301659166,0.4765687141213531,1
0.2222222222222222,5,5,1,2.591374169620237,0.8285293501223947,1
0.0,9,0,1,3.680167362774998,0.622377648091898,1
0.1111111111111111,10,0,0,3.912102833156541,0.889398987023043,1
0.0,4,9,1,2.664271598570881,0.8099434740131293,1
0.1111111111111111,8,10,1,4.438819041737526,0.8435132125498073,1
0.1111111111111111,6,8,1,3.6332220868700693,0.75931328637675,1
0.0,9,6,1,3.81097567331895,0.4242001386287948,1
0.2222222222222222,3,8,0,3.60190686734557,0.6815188432278567,1
0.0,8,4,0,3.501907652188315,0.9892688176671558,1
0.1111111111111111,6,2,1,3.899100828270545,0.9561716465479833,1
0.2222222222222222,10,2,1,2.888100614826781,0.33022161505790815,1
0.1111111111111111,5,5,1,2.9548203262381776,0.415370371010606,1
0.3333333333333333,6,5,1,4.654464052533793,0.3922101414181933,1
0.0,6,9,1,4.865288655334082,0.8081859369897069,1
0.2222222222222222,3,10,1,3.4332732906993826,0.8724497308998616,1
0.3333333333333333,8,0,1,3.1768616828588847,0.44945795641747033,1
0.0,8,7,1,4.109998858097539,0.6540968850662803,1
0.2222222222222222,9,5,1,3.5218354277452413,0.8884921196078399,1
0.3333333333333333,5,10,1,2.563465889150862,0.8129610813363755,1
0.2222222222222222,4,5,1,2.890381493415476,0.6795660438442938,1
0.1111111111111111,3,10,0,4.289930572118494,0.713243383321141,1
0.1111111111111111,0,2,1,4.147309854775378,0.655852382841396,0
0.2222222222222222,2,1,0,2.5677399812587085,0.5082839159231743,0
0.0,6,1,1,3.0549304048323735,0.6955153950013113,1
0.2222222222222222,9,6,1,3.0776869914701788,0.7822197114350634,1
0.1111111111111111,8,0,1,4.179731858996821,0.9113260411025654,1
0.1111111111111111,4,5,0,2.5492763443859103,0.7454039477854736,1
0.1111111111111111,9,3,1,2.7602714549614347,0.8327850759302104,1
0.1111111111111111,4,10,1,4.4997902134329735,0.4120501444682011,1
0.0,9,8,0,2.946361655135834,0.623090232093853,1
0.1111111111111111,3,7,1,4.131865269629687,0.3065321338789653,1
0.0,1,2,1,3.095456952616816,0.47267520516513606,0
0.0,7,5,1,2.748603481898363,0.8085232005791034,1
0.2222222222222222,7,5,1,3.107930477498635,0.9942669659445544,1
0.0,7,4,1,4.305667329639148,0.36942466971105115,1
0.1111111111111111,8,5,0,4.639241170265715,0.5810460211029018,1
0.0,6,5,1,4.5755496614174795,0.8600496780894116,1
0.3333333333333333,0,4,0,3.492958824046137,0.44282494424022917,0
0.2222222222222222,3,6,0,4.170212841426615,0.6885594645116003,1
0.1111111111111111,6,0,1,3.0124607385395525,0.8131499072207724,1
0.3333333333333333,2,3,1,3.2328693256525334,0.7311898151821252,1
0.1111111111111111,8,7,1,4.7408395463028,0.4316173142307913,1
0.2222222222222222,2,9,0,2.53250480877684,0.5487691980800176,1
0.0,2,6,1,2.71377132713617,0.8486542491397779,1
0.0,2,0,0,3.019715637865068,0.6879585598924116,0
0.1111111111111111,7,10,1,2.5663305096845495,0.3036607294800389,1
0.2222222222222222,6,10,1,2.9535885877244934,0.8326935320196656,1
0.1111111111111111,9,7,1,3.95760390242423,0.3247179484581673,1
0.0,4,0,1,3.5535613764812446,0.8220136479118625,0
0.0,10,9,1,4.731679277692438,0.4417363921156662,1
0.1111111111111111,6,5,0,4.543608904346103,0.9706514360835661,1
0.1111111111111111,0,6,1,3.35454337924469,0.557558525911459,0
0.1111111111111111,5,0,1,3.1485585835782315,0.5288521314366553,1
0.0,3,6,1,3.4492310204181673,0.40422163523271126,1
0.0,6,0,1,3.975737356287019,0.5139229508431504,1
0.0,6,0,1,3.1701591020571906,0.9136555332797403,1
0.1111111111111111,10,3,0,4.060372269622835,0.997434036339073,1
0.1111111111111111,3,3,0,3.523529130478101,0.5578166713547938,0
0.0,3,9,1,3.8801179521299507,0.6140274416681797,1
0.2222222222222222,7,1,0,3.5903163228382917,0.8054496567419158,1
0.1111111111111111,0,4,0,3.236164398854794,0.920337046325552,0
0.2222222222222222,5,1,0,4.8711332674053915,0.7151310339307488,1
0.1111111111111111,5,3,1,4.4090144853994016,0.5740679887244805,1
0.0,4,9,0,2.8502829394161315,0.5888352885940367,1
0.3333333333333333,9,9,1,4.671169939744782,0.7869327025477648,1
0.0,6,2,1,3.718577995623784,0.3022527845229951,1
0.1111111111111111,7,1,1,4.736380567235228,0.7337125362218884,1
0.2222222222222222,1,6,1,4.4996381398682885,0.5488451073089502,1
0.0,8,2,1,3.5630337611730836,0.855938131893959,1
0.3333333333333333,5,5,1,2.5561732708002936,0.36509344787619247,1
0.1111111111111111,5,7,1,3.171693398462365,0.7117415868638733,1
0.3333333333333333,7,10,0,3.8540855366521676,0.6366810229202866,1
0.2222222222222222,1,5,0,4.083695549565368,0.7496278681336591,0
0.1111111111111111,1,0,0,3.1447192135830058,0.34539751613807784,0
0.1111111111111111,2,1,1,2.84839018518206,0.7059886511996918,0
0.0,9,7,0,4.587325591998248,0.6930392115716666,1
0.2222222222222222,1,10,1,4.96100545175888,0.6924620660913197,1
0.1111111111111111,10,10,1,3.8142254557567146,0.7224413666175183,1
0.2222222222222222,3,1,1,2.929198214620759,0.7735275560584536,0
0.1111111111111111,2,7,1,3.1807683162984226,0.8634922997765389,1
0.0,9,8,1,2.5459766913686668,0.48887450408975003,1
0.0,5,4,1,4.785747016401247,0.8775345871260434,1
0.3333333333333333,3,0,1,2.794377707225353,0.6487789775844175,0
0.0,1,8,1,3.941291188785634,0.3539407953940318,1
0.0,6,6,1,3.185138051718015,0.34098565047078544,1
0.1111111111111111,2,2,0,3.8854450062894834,0.5339668230872425,0
0.2222222222222222,2,6,1,4.128550970879661,0.8494278839780272,1
0.3333333333333333,3,4,0,4.574354509268004,0.7953766543186409,1
0.0,3,1,1,3.016053179401508,0.8520304752706844,0
0.3333333333333333,4,5,1,2.527489571646201,0.6620883395091266,1
0.0,1,8,0,2.842214075172018,0.6081392985688434,1
0.2222222222222222,2,3,1,4.7500466046202625,0.40321676869439876,1
0.1111111111111111,10,3,1,4.684725193906289,0.5297349275265181,1
0.0,5,0,1,3.993532755425771,0.6038135563217126,1
0.0,7,9,1,4.001292151084133,0.36202030077573205,1
0.1111111111111111,0,9,1,4.162591686365639,0.4544283668978478,1
0.2222222222222222,6,5,1,2.938428196558624,0.7187577058446171,1
0.0,4,8,1,4.7860298648124,0.8149641799674328,1
0.2222222222222222,7,2,1,3.546926312230183,0.9988432579750648,1
0.2222222222222222,3,5,1,3.4578463206237435,0.9531793319404904,1
0.0,6,4,0,3.797294263207094,0.749795639674634,1
0.0,7,6,0,2.6174149169376375,0.5948736373058503,1
0.2222222222222222,7,5,0,2.9157084218901987,0.7453241552957628,1
0.2222222222222222,3,9,1,4.345084041065926,0.8499561326561624,1
0.2222222222222222,3,3,1,2.706996669812816,0.3828353336463711,1
0.2222222222222222,9,0,1,4.00788027366597,0.5869334227874017,1
0.1111111111111111,5,9,1,3.1133727742033024,0.887861599944932,1
0.0,6,8,1,3.4732390351049416,0.5686830663531308,1
0.0,2,10,0,3.2217343419267497,0.7003105898590305,1
0.1111111111111111,8,8,0,3.3891817911623727,0.7114385526035387,1
0.0,6,1,0,4.297614762960613,0.4291333771935475,1
0.2222222222222222,6,0,1,3.2428042890579376,0.5535648091566019,1
0.0,0,9,1,3.9160116007422427,0.5341579021193524,1
0.2222222222222222,9,10,1,3.690126005497749,0.3183376959724453,1
0.2222222222222222,0,7,0,4.15917791340662,0.31693423472394866,0
0.1111111111111111,8,8,1,4.842074348311895,0.8821879305730413,1
0.1111111111111111,3,6,1,4.3314302430256255,0.4911495669809687,1
0.2222222222222222,6,1,1,3.037350946476892,0.6626551363671708,1
0.1111111111111111,1,2,1,2.5779578376532117,0.5091079015121411,0
0.0,7,8,1,3.1556601107495625,0.9584754715807382,1
0.1111111111111111,3,7,0,3.987694826750637,0.4815077312060416,1
0.3333333333333333,7,10,1,2.628564533710626,0.6007597689172546,1
0.1111111111111111,9,0,1,3.7409156180030907,0.9109111753392212,1
0.1111111111111111,9,7,1,3.9921071222922233,0.889353496754266,1
0.2222222222222222,3,4,1,3.335609727042402,0.4302709924923941,1
0.1111111111111111,10,10,1,4.427280509364555,0.8618503168569973,1
0.2222222222222222,6,1,0,2.7664956328344297,0.6207308207165247,1
0.1111111111111111,1,7,1,2.6878444543395217,0.6380782104597487,1
0.1111111111111111,0,8,1,4.320471890509008,0.39343598069116065,0
0.3333333333333333,10,3,1,3.738728290515496,0.35642105962998727,1
0.1111111111111111,1,8,0,4.22100599106934,0.8095575148816356,1
0.0,2,4,1,3.5870683465093656,0.6475228066487098,1
0.1111111111111111,5,8,1,3.1160050830977672,0.6057954918306256,1
0.0,9,9,1,4.547755794185499,0.8106557600566777,1
0.3333333333333333,5,4,1,4.498539697422448,0.8358590292937769,1
0.0,3,9,1,4.236741177136067,0.41123571736854747,1
0.2222222222222222,10,10,1,3.1803628430749065,0.7271576046343489,1
0.0,1,0,1,3.9755766671727177,0.39474785759437986,0
0.2222222222222222,4,6,1,3.402434742350067,0.825962560220332,1
0.0,0,9,0,2.7289551833165855,0.7598686093869976,0
0.0,0,5,1,4.793283938655607,0.9696302347584205,0
0.0,0,9,1,2.8420465772974035,0.3482706114494948,1
0.0,8,10,1,4.8755933845520065,0.339938304805878,1
0.2222222222222222,7,3,1,3.615014432394889,0.4975309522852401,1
